wifiMAC,time,Status,VRMS A,VRMS B,VRMS C,IRMS A,IRMS B,IRMS C,Active Power(W) A,Active Power(W) B,Active Power(W) C,Active Energy(WHR) A,Active Energy(WHR) B,Active Energy(WHR) C,Reactive Power(VAR) A,Reactive Power(VAR) B,Reactive Power(VAR) C,Reactive Energy(AHHR) A,Reactive Energy(AHHR) B,Reactive Energy(AHHR) C,Apparent Power(VA) A,Apparent Power(VA) B,Apparent Power(VA) C,Apparent Energy(VARHR) A,Apparent Energy(VARHR) B,Apparent Energy(VARHR) C,VTHD A,VTHD B,VTHD C,ITHD A,ITHD B,ITHD C,Power Factor A,Power Factor B,Power Factor C
serial: dc:a6:32:89:f2:d0,2023-08-14 05:11,Normal,117.94,123.40,123.13,0.08,0.08,0.11,-25.34,4.27,-32.05,-0.01,-0.00,-0.01,-214.39,-119.37,-42.64,-0.06,-0.03,-0.01,149.00,166.44,227.61,0.04,0.04,0.06,0.43,0.00,0.00,100.00,0.00,0.00,1.92,2.00,1.92
serial: dc:a6:32:89:f2:d0,2023-08-14 05:12,Normal,118.71,124.19,123.92,0.07,0.09,0.11,-23.06,3.06,-28.12,-0.01,0.00,-0.01,-218.08,-126.15,-52.23,-0.06,-0.04,-0.01,146.86,177.62,236.46,0.04,0.05,0.06,0.42,1.71,1.49,100.00,400.00,400.00,1.91,2.00,1.93
serial: dc:a6:32:89:f2:d0,2023-08-14 05:13,Normal,118.42,123.90,123.71,0.07,0.07,0.11,20.56,-12.81,-24.67,0.01,-0.00,-0.01,200.96,-102.40,-54.30,0.06,-0.03,-0.02,148.45,155.80,230.55,0.04,0.04,0.06,0.44,1.70,1.47,100.00,400.00,400.00,0.08,1.97,1.94
serial: dc:a6:32:89:f2:d0,2023-08-14 05:14,Normal,118.66,124.12,123.88,0.08,0.08,0.11,26.18,5.84,-32.53,0.01,0.00,-0.01,210.26,-128.51,-49.72,0.06,-0.04,-0.01,151.58,169.63,228.45,0.04,0.05,0.06,0.45,1.74,1.64,100.00,400.00,400.00,0.08,1.99,1.93
serial: dc:a6:32:89:f2:d0,2023-08-14 05:15,Normal,118.61,124.05,123.83,0.07,0.08,0.11,15.47,-15.26,14.93,0.01,-0.00,0.01,188.42,-110.37,76.28,0.05,-0.03,0.02,147.85,161.42,231.38,0.04,0.05,0.06,0.42,1.72,1.45,100.00,400.00,400.00,0.05,2.00,0.03
serial: dc:a6:32:89:f2:d0,2023-08-14 05:16,Normal,118.54,123.97,123.73,0.08,0.08,0.11,21.47,2.90,25.68,0.01,0.00,0.01,194.91,-128.37,61.53,0.05,-0.04,0.02,150.58,173.01,232.16,0.04,0.05,0.06,0.38,1.46,1.42,100.00,400.00,400.00,0.07,1.99,0.06
serial: dc:a6:32:89:f2:d0,2023-08-14 05:17,Normal,118.58,124.05,123.80,0.08,0.08,0.11,26.52,-4.50,27.59,0.01,-0.00,0.01,216.90,-120.84,51.79,0.06,-0.03,0.01,157.45,166.41,232.48,0.04,0.05,0.06,0.39,1.71,1.69,100.00,400.00,400.00,0.09,2.00,0.07
serial: dc:a6:32:89:f2:d0,2023-08-14 05:18,Normal,118.63,124.07,123.83,0.08,0.08,0.11,8.15,-8.86,6.82,0.01,-0.00,0.00,180.16,-101.51,91.18,0.05,-0.03,0.03,151.06,165.50,235.00,0.04,0.04,0.06,0.40,1.73,1.73,100.00,400.00,400.00,0.05,1.96,0.03
serial: dc:a6:32:89:f2:d0,2023-08-14 05:19,Normal,118.66,124.14,123.90,0.08,0.08,0.11,4.23,1.88,9.27,0.00,0.00,0.00,170.86,-123.35,84.84,0.05,-0.03,0.02,153.14,174.27,229.01,0.04,0.05,0.06,0.36,1.67,1.49,100.00,400.00,400.00,0.04,2.00,0.03
serial: dc:a6:32:89:f2:d0,2023-08-14 05:20,Normal,118.63,124.09,123.88,0.08,0.08,0.11,20.05,-2.20,23.91,0.01,-0.00,0.01,174.99,-110.37,80.41,0.05,-0.03,0.02,151.80,167.70,233.96,0.04,0.05,0.06,0.43,1.62,1.58,100.00,400.00,400.00,0.05,1.98,0.03
serial: dc:a6:32:89:f2:d0,2023-08-14 05:21,Normal,118.56,124.00,123.80,0.08,0.08,0.11,23.86,-13.96,26.91,0.01,-0.00,0.01,207.45,-98.12,58.87,0.06,-0.03,0.02,150.68,161.79,230.05,0.04,0.04,0.06,0.44,1.68,1.40,100.00,400.00,400.00,0.08,1.96,0.06
serial: dc:a6:32:89:f2:d0,2023-08-14 05:22,Normal,118.51,123.97,123.71,0.08,0.08,0.11,30.44,-3.22,36.51,0.01,-0.00,0.01,233.13,-114.50,43.82,0.06,-0.03,0.01,161.06,163.37,231.90,0.04,0.05,0.06,0.37,1.64,1.40,100.00,400.00,400.00,0.10,1.99,0.08
serial: dc:a6:32:89:f2:d0,2023-08-14 05:23,Normal,118.56,124.02,123.78,0.08,0.08,0.11,19.30,-12.12,25.61,0.01,-0.00,0.01,225.90,-97.09,61.23,0.06,-0.03,0.02,150.26,162.62,228.98,0.04,0.05,0.06,0.40,1.74,1.68,100.00,400.00,400.00,0.10,1.96,0.08
serial: dc:a6:32:89:f2:d0,2023-08-14 05:24,Normal,118.44,123.92,123.66,0.08,0.08,0.11,27.86,2.71,32.44,0.01,0.00,0.01,219.99,-120.69,40.58,0.06,-0.03,0.01,152.53,169.27,230.45,0.04,0.05,0.06,0.38,1.60,1.55,100.00,400.00,400.00,0.09,1.99,0.08
serial: dc:a6:32:89:f2:d0,2023-08-14 05:25,Normal,118.51,123.97,123.71,0.08,0.08,0.11,23.07,2.36,27.37,0.01,0.00,0.01,212.76,-130.14,45.15,0.06,-0.04,0.01,149.82,171.33,229.15,0.04,0.05,0.06,0.35,1.53,1.57,100.00,400.00,400.00,0.09,1.98,0.07
serial: dc:a6:32:89:f2:d0,2023-08-14 05:26,Normal,118.63,124.12,123.85,0.08,0.08,0.11,28.48,2.77,32.46,0.01,0.00,0.01,228.11,-119.51,46.03,0.06,-0.03,0.01,156.61,165.41,226.37,0.04,0.04,0.06,0.41,1.75,1.61,100.00,400.00,400.00,0.10,1.99,0.08
serial: dc:a6:32:89:f2:d0,2023-08-14 05:27,Normal,118.71,124.21,123.97,0.08,0.08,0.11,28.89,-2.81,33.81,0.01,-0.00,0.01,238.88,-117.30,44.56,0.07,-0.03,0.01,160.93,161.04,230.64,0.04,0.05,0.06,0.38,1.65,1.63,100.00,400.00,400.00,0.10,2.00,0.08
serial: dc:a6:32:89:f2:d0,2023-08-14 05:28,Normal,118.80,124.31,124.02,0.08,0.08,0.11,31.44,6.59,35.08,0.01,0.00,0.02,248.18,-132.65,32.46,0.07,-0.04,0.01,157.85,172.85,230.52,0.04,0.05,0.06,0.44,1.62,1.47,100.00,400.00,400.00,0.11,1.98,0.10
serial: dc:a6:32:89:f2:d0,2023-08-14 05:29,Normal,118.71,124.19,123.92,0.08,0.08,0.11,22.70,-9.14,31.62,0.01,-0.00,0.01,201.70,-108.74,56.81,0.06,-0.03,0.02,152.85,162.07,231.26,0.04,0.05,0.06,0.37,1.53,1.53,100.00,400.00,400.00,0.08,1.99,0.06
serial: dc:a6:32:89:f2:d0,2023-08-14 05:30,Normal,118.61,124.12,123.90,0.08,0.08,0.11,24.50,-3.59,29.60,0.01,0.00,0.01,216.45,-116.42,48.54,0.06,-0.03,0.01,155.27,168.20,235.30,0.04,0.05,0.06,0.41,1.44,1.65,100.00,400.00,400.00,0.09,2.00,0.07
serial: dc:a6:32:89:f2:d0,2023-08-14 05:31,Normal,118.73,124.19,123.95,0.08,0.08,0.11,29.11,6.25,37.84,0.01,0.00,0.02,241.98,-125.42,33.94,0.07,-0.03,0.01,156.40,171.63,229.97,0.04,0.05,0.06,0.40,1.69,1.45,100.00,400.00,400.00,0.11,1.98,0.09
serial: dc:a6:32:89:f2:d0,2023-08-14 05:32,Normal,118.68,124.14,123.90,0.08,0.08,0.11,29.29,1.54,32.50,0.01,0.00,0.02,239.47,-123.20,36.15,0.07,-0.03,0.01,161.74,165.81,229.66,0.04,0.05,0.06,0.40,1.75,1.64,100.00,400.00,400.00,0.10,1.99,0.09
serial: dc:a6:32:89:f2:d0,2023-08-14 05:33,Normal,118.54,124.02,123.78,0.07,0.08,0.11,17.40,-10.91,24.46,0.01,-0.00,0.01,207.16,-113.32,54.15,0.06,-0.03,0.02,148.64,167.68,234.21,0.04,0.05,0.06,0.41,1.69,1.53,100.00,400.00,400.00,0.08,1.99,0.06
serial: dc:a6:32:89:f2:d0,2023-08-14 05:34,Normal,118.49,123.97,123.76,0.07,0.08,0.11,20.23,-6.19,24.59,0.01,-0.00,0.01,195.06,-114.20,54.00,0.05,-0.03,0.02,146.51,169.87,232.91,0.04,0.05,0.06,0.41,1.78,1.56,100.00,400.00,400.00,0.07,1.98,0.06
serial: dc:a6:32:89:f2:d0,2023-08-14 05:35,Normal,118.49,123.92,123.68,0.08,0.08,0.11,21.04,-4.99,19.55,0.01,-0.00,0.01,191.37,-104.17,65.07,0.05,-0.03,0.02,149.62,169.05,232.96,0.04,0.04,0.06,0.44,1.59,1.45,100.00,400.00,400.00,0.07,1.97,0.05
serial: dc:a6:32:89:f2:d0,2023-08-14 05:36,Normal,118.56,124.05,123.78,0.08,0.08,0.11,18.94,-15.00,16.89,0.01,-0.01,0.01,191.66,-87.35,79.38,0.05,-0.02,0.02,150.33,168.54,230.61,0.04,0.04,0.06,0.42,1.74,1.61,100.00,400.00,400.00,0.07,1.94,0.05
serial: dc:a6:32:89:f2:d0,2023-08-14 05:37,Normal,118.61,124.07,123.83,0.08,0.08,0.11,27.08,-10.75,32.00,0.01,-0.00,0.01,221.47,-109.04,52.23,0.06,-0.03,0.01,158.51,161.80,236.61,0.04,0.04,0.06,0.45,1.69,1.65,100.00,400.00,400.00,0.09,1.98,0.07
serial: dc:a6:32:89:f2:d0,2023-08-14 05:38,Normal,118.61,124.07,123.80,0.08,0.08,0.11,29.44,0.63,33.25,0.01,-0.00,0.01,224.86,-107.27,46.03,0.06,-0.03,0.01,155.65,170.88,234.56,0.04,0.04,0.06,0.39,1.88,1.68,100.00,400.00,400.00,0.10,1.98,0.08
serial: dc:a6:32:89:f2:d0,2023-08-14 05:39,Normal,118.71,124.17,123.92,0.08,0.08,0.11,29.94,6.67,39.50,0.01,0.00,0.02,252.01,-127.19,29.51,0.07,-0.04,0.01,160.90,171.09,231.11,0.04,0.05,0.06,0.41,1.41,1.43,100.00,400.00,400.00,0.11,1.99,0.10
serial: dc:a6:32:89:f2:d0,2023-08-14 05:40,Normal,118.61,124.07,123.80,0.08,0.08,0.11,29.43,3.41,30.52,0.01,-0.00,0.01,212.47,-114.64,50.31,0.06,-0.03,0.01,156.83,167.32,226.67,0.04,0.05,0.06,0.41,1.70,1.61,100.00,400.00,400.00,0.09,1.99,0.07
serial: dc:a6:32:89:f2:d0,2023-08-14 05:41,Normal,118.66,124.12,123.90,0.07,0.08,0.11,21.89,-12.15,23.31,0.01,-0.00,0.01,204.50,-107.86,59.76,0.06,-0.03,0.02,148.36,163.77,227.75,0.04,0.05,0.06,0.36,1.76,1.38,100.00,400.00,400.00,0.08,1.98,0.06
serial: dc:a6:32:89:f2:d0,2023-08-14 05:42,Normal,118.68,124.17,123.90,0.08,0.08,0.11,22.28,-8.33,21.72,0.01,-0.00,0.01,224.72,-108.89,50.61,0.06,-0.03,0.01,150.49,169.89,230.55,0.04,0.05,0.06,0.39,1.44,1.58,100.00,400.00,400.00,0.10,1.98,0.07
serial: dc:a6:32:89:f2:d0,2023-08-14 05:43,Normal,118.56,124.05,123.80,0.08,0.08,0.11,23.78,-18.96,30.98,0.01,-0.01,0.01,214.24,-84.40,64.33,0.06,-0.02,0.02,155.07,157.72,226.30,0.04,0.04,0.06,0.41,1.68,1.33,100.00,400.00,400.00,0.09,1.94,0.07
serial: dc:a6:32:89:f2:d0,2023-08-14 05:44,Normal,118.68,124.14,123.85,0.07,0.10,0.12,-15.04,-52.85,10.92,-0.01,-0.02,0.01,66.40,-41.76,235.78,0.02,-0.01,0.07,142.17,199.68,244.45,0.04,0.05,0.07,0.75,2.05,1.69,100.00,400.00,400.00,0.06,1.86,0.03
serial: dc:a6:32:89:f2:d0,2023-08-14 05:45,Normal,118.66,124.12,123.85,0.07,0.08,0.11,0.63,-25.76,3.73,0.00,-0.01,0.00,140.02,-86.76,119.81,0.04,-0.02,0.03,145.21,175.94,231.11,0.04,0.05,0.06,0.43,1.72,1.38,100.00,400.00,400.00,0.03,1.93,0.03
serial: dc:a6:32:89:f2:d0,2023-08-14 05:46,Normal,118.68,124.19,123.88,0.07,0.08,0.11,17.88,2.78,19.49,0.01,-0.00,0.01,199.48,-101.81,62.71,0.06,-0.03,0.02,145.77,170.47,227.49,0.04,0.04,0.06,0.40,1.59,1.60,100.00,400.00,400.00,0.08,1.97,0.05
serial: dc:a6:32:89:f2:d0,2023-08-14 05:47,Normal,118.71,124.21,124.00,0.08,0.08,0.11,24.30,-11.38,23.39,0.01,-0.01,0.01,208.63,-100.48,63.74,0.06,-0.03,0.02,152.82,164.90,233.60,0.04,0.05,0.06,0.39,1.43,1.12,100.00,400.00,400.00,0.08,1.96,0.06
serial: dc:a6:32:89:f2:d0,2023-08-14 05:48,Normal,118.80,124.31,124.05,0.07,0.08,0.11,16.59,-18.79,20.79,0.01,-0.00,0.01,179.86,-107.86,76.13,0.05,-0.03,0.02,146.38,170.11,235.68,0.04,0.05,0.06,0.36,1.65,1.35,100.00,400.00,400.00,0.06,1.97,0.04
serial: dc:a6:32:89:f2:d0,2023-08-14 05:49,Normal,118.51,124.02,123.78,0.07,0.09,0.11,-8.57,-35.53,25.58,-0.00,-0.01,0.01,113.46,-62.27,155.52,0.03,-0.02,0.04,145.54,188.55,231.19,0.04,0.05,0.06,0.35,2.08,1.48,100.00,400.00,400.00,0.02,1.90,0.08
serial: dc:a6:32:89:f2:d0,2023-08-14 05:50,Normal,118.44,123.92,123.68,0.07,0.08,0.11,5.80,-0.42,1.80,0.00,-0.00,0.01,165.25,-107.12,80.41,0.05,-0.03,0.02,145.51,175.20,232.48,0.04,0.05,0.06,0.42,1.66,1.37,100.00,400.00,400.00,0.04,1.97,0.03
serial: dc:a6:32:89:f2:d0,2023-08-14 05:51,Normal,118.51,124.02,123.76,0.07,0.08,0.11,13.88,-11.72,14.98,0.01,-0.00,0.01,183.40,-117.30,70.68,0.05,-0.03,0.02,149.17,167.53,229.90,0.04,0.05,0.06,0.35,1.73,1.52,100.00,400.00,400.00,0.06,1.99,0.04
serial: dc:a6:32:89:f2:d0,2023-08-14 05:52,Normal,118.44,123.95,123.68,0.08,0.08,0.11,21.66,-1.67,18.63,0.01,-0.00,0.01,188.42,-114.20,68.76,0.05,-0.03,0.02,151.83,166.15,228.67,0.04,0.05,0.06,0.41,1.54,1.47,100.00,400.00,400.00,0.06,1.99,0.05
serial: dc:a6:32:89:f2:d0,2023-08-14 05:53,Normal,118.46,123.95,123.71,0.08,0.08,0.11,19.85,-15.13,23.43,0.01,-0.00,0.01,201.70,-106.68,62.41,0.06,-0.03,0.02,153.28,165.39,232.45,0.04,0.04,0.06,0.39,1.69,1.52,100.00,400.00,400.00,0.08,1.98,0.06
serial: dc:a6:32:89:f2:d0,2023-08-14 05:54,Normal,118.42,123.90,123.66,0.08,0.08,0.11,26.87,0.05,31.63,0.01,-0.00,0.01,218.96,-114.05,53.86,0.06,-0.03,0.01,158.82,164.16,231.14,0.04,0.05,0.06,0.37,1.49,1.33,100.00,400.00,400.00,0.09,1.99,0.07
serial: dc:a6:32:89:f2:d0,2023-08-14 05:55,Normal,118.37,123.88,123.61,0.08,0.08,0.11,17.85,1.19,20.62,0.01,-0.00,0.01,204.65,-114.20,57.25,0.06,-0.03,0.02,152.32,168.62,229.39,0.04,0.05,0.06,0.30,1.65,1.43,100.00,400.00,400.00,0.08,1.99,0.06
serial: dc:a6:32:89:f2:d0,2023-08-14 05:56,Normal,118.46,123.97,123.73,0.08,0.08,0.11,9.98,-0.58,10.09,0.00,-0.00,0.00,165.70,-119.96,88.09,0.05,-0.03,0.02,149.20,169.96,230.08,0.04,0.05,0.06,0.34,1.82,1.39,100.00,400.00,400.00,0.04,1.99,0.02
serial: dc:a6:32:89:f2:d0,2023-08-14 05:57,Normal,118.42,123.90,123.68,0.08,0.08,0.11,16.77,-2.56,16.61,0.01,-0.01,0.01,177.94,-92.51,86.17,0.05,-0.03,0.02,150.23,167.24,230.51,0.04,0.05,0.06,0.44,1.57,1.18,100.00,400.00,400.00,0.06,1.95,0.04
serial: dc:a6:32:89:f2:d0,2023-08-14 05:58,Normal,118.37,123.83,123.59,0.08,0.08,0.11,26.58,-4.03,30.71,0.01,-0.00,0.01,187.83,-106.97,71.56,0.05,-0.03,0.02,153.22,165.59,230.92,0.04,0.05,0.06,0.36,1.52,1.49,100.00,400.00,400.00,0.06,1.97,0.05
serial: dc:a6:32:89:f2:d0,2023-08-14 05:59,Normal,118.37,123.83,123.61,0.08,0.08,0.11,20.95,-15.66,23.50,0.01,-0.01,0.01,199.48,-78.50,82.92,0.06,-0.02,0.02,149.25,163.12,229.80,0.04,0.04,0.06,0.38,1.49,1.32,100.00,400.00,400.00,0.08,1.93,0.06
serial: dc:a6:32:89:f2:d0,2023-08-14 06:00,Normal,118.46,123.97,123.71,0.07,0.08,0.11,21.18,4.78,22.67,0.01,0.00,0.01,205.68,-132.35,54.15,0.06,-0.04,0.02,148.07,174.88,227.74,0.04,0.05,0.06,0.44,1.78,1.42,100.00,400.00,400.00,0.08,1.98,0.06
serial: dc:a6:32:89:f2:d0,2023-08-14 06:01,Normal,118.49,123.97,123.73,0.08,0.08,0.11,21.90,5.97,25.66,0.01,0.00,0.01,209.22,-132.50,57.69,0.06,-0.04,0.02,152.05,170.92,226.97,0.04,0.05,0.06,0.43,1.71,1.26,100.00,400.00,400.00,0.08,1.98,0.06
serial: dc:a6:32:89:f2:d0,2023-08-14 06:02,Normal,118.68,124.17,123.90,0.08,0.08,0.11,33.22,7.07,35.65,0.01,0.00,0.01,225.16,-127.48,50.46,0.06,-0.04,0.01,162.38,167.21,228.84,0.04,0.05,0.06,0.43,1.69,1.39,100.00,400.00,400.00,0.09,1.98,0.07
serial: dc:a6:32:89:f2:d0,2023-08-14 06:03,Normal,118.87,124.36,124.09,0.08,0.08,0.11,28.47,1.84,35.10,0.01,0.00,0.01,225.75,-132.94,45.59,0.06,-0.04,0.01,156.96,169.90,232.79,0.04,0.05,0.06,0.42,1.52,1.56,100.00,400.00,400.00,0.10,1.98,0.07
serial: dc:a6:32:89:f2:d0,2023-08-14 06:04,Normal,118.85,124.36,124.09,0.08,0.08,0.11,22.97,4.73,25.37,0.01,0.00,0.01,226.04,-132.06,52.53,0.06,-0.04,0.01,155.42,169.52,230.70,0.04,0.05,0.06,0.41,1.65,1.39,100.00,400.00,400.00,0.09,1.98,0.07
serial: dc:a6:32:89:f2:d0,2023-08-14 06:05,Normal,118.83,124.31,124.05,0.08,0.08,0.11,32.34,6.84,39.96,0.01,0.00,0.02,249.06,-128.37,31.13,0.07,-0.04,0.01,168.15,166.39,228.87,0.05,0.04,0.06,0.40,1.48,1.39,100.00,400.00,400.00,0.11,1.98,0.10
serial: dc:a6:32:89:f2:d0,2023-08-14 06:06,Normal,118.78,124.29,124.02,0.08,0.08,0.11,23.30,-0.37,25.17,0.01,0.00,0.01,217.93,-126.30,51.35,0.06,-0.04,0.01,152.89,162.82,226.54,0.04,0.05,0.06,0.43,1.62,1.57,100.00,400.00,400.00,0.09,1.99,0.07
serial: dc:a6:32:89:f2:d0,2023-08-14 06:07,Normal,118.68,124.17,123.90,0.08,0.08,0.11,27.22,3.32,30.86,0.01,0.00,0.01,213.50,-124.24,53.41,0.06,-0.03,0.01,157.67,163.22,226.78,0.04,0.05,0.06,0.39,1.68,1.60,100.00,400.00,400.00,0.08,1.99,0.07
serial: dc:a6:32:89:f2:d0,2023-08-14 06:08,Normal,118.54,124.05,123.76,0.08,0.08,0.11,29.57,5.38,32.50,0.01,0.00,0.01,217.63,-122.17,46.33,0.06,-0.03,0.01,156.46,173.44,231.44,0.04,0.05,0.06,0.39,1.87,1.54,100.00,400.00,400.00,0.09,2.00,0.07
serial: dc:a6:32:89:f2:d0,2023-08-14 06:09,Normal,118.51,123.97,123.71,0.08,0.08,0.11,13.46,-4.15,17.09,0.01,-0.00,0.01,196.09,-114.50,68.31,0.05,-0.03,0.02,153.86,164.49,231.31,0.04,0.05,0.06,0.44,1.72,1.38,100.00,400.00,400.00,0.07,1.98,0.05
serial: dc:a6:32:89:f2:d0,2023-08-14 06:10,Normal,118.46,123.92,123.66,0.08,0.08,0.11,30.56,5.65,34.34,0.01,0.00,0.01,212.03,-136.92,56.07,0.06,-0.04,0.02,165.34,172.12,236.54,0.04,0.05,0.06,0.44,1.62,1.28,100.00,400.00,400.00,0.08,1.98,0.06
serial: dc:a6:32:89:f2:d0,2023-08-14 06:11,Normal,118.49,124.00,123.71,0.07,0.08,0.11,13.38,3.08,15.56,0.01,0.00,0.01,185.17,-133.97,71.71,0.05,-0.04,0.02,145.81,173.07,227.23,0.04,0.05,0.06,0.43,1.81,1.49,100.00,400.00,400.00,0.06,1.99,0.04
serial: dc:a6:32:89:f2:d0,2023-08-14 06:12,Normal,118.27,123.76,123.47,0.08,0.08,0.11,24.32,6.05,28.17,0.01,0.00,0.01,217.78,-127.19,49.28,0.06,-0.04,0.01,156.05,165.91,225.17,0.04,0.04,0.06,0.44,1.90,1.58,100.00,400.00,400.00,0.09,1.98,0.07
serial: dc:a6:32:89:f2:d0,2023-08-14 06:13,Normal,118.46,123.95,123.66,0.08,0.08,0.11,23.29,4.16,26.61,0.01,0.00,0.01,206.12,-133.83,57.25,0.06,-0.04,0.02,152.43,173.44,228.97,0.04,0.05,0.06,0.37,1.77,1.50,100.00,400.00,400.00,0.09,1.98,0.07
serial: dc:a6:32:89:f2:d0,2023-08-14 06:14,Normal,118.63,124.12,123.80,0.08,0.08,0.11,29.31,7.12,37.58,0.01,0.00,0.02,240.36,-132.20,34.97,0.07,-0.04,0.01,160.33,166.26,229.06,0.04,0.05,0.06,0.37,1.69,1.23,100.00,400.00,400.00,0.10,1.98,0.09
serial: dc:a6:32:89:f2:d0,2023-08-14 06:15,Normal,118.75,124.21,123.90,0.08,0.08,0.11,27.57,6.77,36.57,0.01,0.00,0.02,237.55,-132.35,38.07,0.07,-0.04,0.01,160.80,166.52,228.62,0.04,0.05,0.06,0.37,1.47,1.25,100.00,400.00,400.00,0.10,1.98,0.09
serial: dc:a6:32:89:f2:d0,2023-08-14 06:16,Normal,118.66,124.09,123.83,0.08,0.08,0.11,27.65,2.55,30.76,0.01,0.00,0.02,250.54,-131.76,28.62,0.07,-0.04,0.01,158.70,169.96,234.76,0.04,0.05,0.06,0.37,1.56,1.46,100.00,400.00,400.00,0.11,1.98,0.10
serial: dc:a6:32:89:f2:d0,2023-08-14 06:17,Normal,118.63,124.12,123.83,0.08,0.08,0.11,30.32,5.66,34.47,0.01,0.00,0.01,223.98,-124.83,46.48,0.06,-0.03,0.01,162.34,164.22,226.84,0.04,0.04,0.06,0.41,1.63,1.06,100.00,400.00,400.00,0.09,1.98,0.07
serial: dc:a6:32:89:f2:d0,2023-08-14 06:18,Normal,118.54,124.00,123.73,0.08,0.08,0.11,25.28,6.57,26.01,0.01,0.00,0.01,225.75,-130.28,45.30,0.06,-0.04,0.01,156.12,171.91,230.47,0.04,0.05,0.06,0.33,1.75,1.29,100.00,400.00,400.00,0.09,1.98,0.07
serial: dc:a6:32:89:f2:d0,2023-08-14 06:19,Normal,118.56,124.02,123.73,0.08,0.08,0.11,25.94,6.76,29.72,0.01,0.00,0.02,242.86,-131.91,36.89,0.07,-0.04,0.01,156.63,171.46,229.78,0.04,0.05,0.06,0.38,1.45,1.31,100.00,400.00,400.00,0.10,1.98,0.09
serial: dc:a6:32:89:f2:d0,2023-08-14 06:20,Normal,118.58,124.07,123.76,0.08,0.08,0.11,32.85,6.63,35.41,0.01,0.00,0.02,247.00,-127.33,36.59,0.07,-0.04,0.01,165.91,166.43,229.73,0.04,0.04,0.06,0.32,1.44,1.20,100.00,400.00,400.00,0.11,1.98,0.09
serial: dc:a6:32:89:f2:d0,2023-08-14 06:21,Normal,118.63,124.09,123.80,0.08,0.08,0.11,32.13,3.61,36.42,0.01,0.00,0.02,246.85,-129.69,36.89,0.07,-0.04,0.01,163.45,169.93,234.63,0.04,0.05,0.06,0.39,1.67,1.49,100.00,400.00,400.00,0.11,1.98,0.09
serial: dc:a6:32:89:f2:d0,2023-08-14 06:22,Normal,118.66,124.09,123.80,0.08,0.08,0.11,21.39,4.96,20.86,0.01,0.00,0.01,207.30,-125.56,60.05,0.06,-0.03,0.02,162.09,164.35,224.28,0.04,0.05,0.06,0.38,1.88,1.35,100.00,400.00,400.00,0.07,1.99,0.06
serial: dc:a6:32:89:f2:d0,2023-08-14 06:23,Normal,118.71,124.19,123.90,0.08,0.08,0.11,24.15,4.15,25.72,0.01,0.00,0.01,214.09,-131.91,51.35,0.06,-0.04,0.01,164.31,164.24,228.59,0.04,0.05,0.06,0.38,1.69,1.47,100.00,400.00,400.00,0.08,1.98,0.07
serial: dc:a6:32:89:f2:d0,2023-08-14 06:24,Normal,118.73,124.21,123.92,0.08,0.08,0.11,22.72,1.24,25.33,0.01,0.00,0.01,216.01,-133.68,55.77,0.06,-0.04,0.02,158.43,169.69,231.72,0.04,0.05,0.06,0.39,1.68,1.59,100.00,400.00,400.00,0.08,1.99,0.06
serial: dc:a6:32:89:f2:d0,2023-08-14 06:25,Normal,118.71,124.17,123.90,0.08,0.08,0.11,28.25,4.66,30.76,0.01,0.00,0.01,225.01,-121.28,50.17,0.06,-0.03,0.01,159.04,168.57,228.48,0.04,0.04,0.06,0.37,1.60,1.50,100.00,400.00,400.00,0.09,1.99,0.07
serial: dc:a6:32:89:f2:d0,2023-08-14 06:26,Normal,118.66,124.14,123.85,0.08,0.08,0.11,30.61,4.18,36.88,0.01,0.00,0.02,247.73,-125.71,35.71,0.07,-0.03,0.01,162.91,166.07,231.13,0.05,0.05,0.06,0.38,1.73,1.34,100.00,400.00,400.00,0.11,1.98,0.09
serial: dc:a6:32:89:f2:d0,2023-08-14 06:27,Normal,118.80,124.26,124.00,0.08,0.08,0.11,28.30,6.39,31.91,0.01,0.00,0.01,232.54,-127.48,43.23,0.06,-0.04,0.01,156.99,166.83,224.18,0.04,0.05,0.06,0.40,1.72,1.43,100.00,400.00,400.00,0.10,1.98,0.08
serial: dc:a6:32:89:f2:d0,2023-08-14 06:28,Normal,118.92,124.43,124.14,0.08,0.08,0.11,30.96,6.35,32.38,0.01,0.00,0.01,228.11,-128.37,43.97,0.06,-0.04,0.01,159.72,166.41,228.09,0.04,0.05,0.06,0.40,1.50,1.24,100.00,400.00,400.00,0.09,1.98,0.07
serial: dc:a6:32:89:f2:d0,2023-08-14 06:29,Normal,118.83,124.31,124.00,0.08,0.08,0.11,34.56,6.07,40.58,0.01,0.00,0.02,247.29,-130.88,36.74,0.07,-0.04,0.01,164.02,169.51,232.31,0.04,0.05,0.06,0.39,1.66,1.22,100.00,400.00,400.00,0.11,1.98,0.09
serial: dc:a6:32:89:f2:d0,2023-08-14 06:30,Normal,118.83,124.31,124.05,0.08,0.08,0.11,30.52,5.55,40.35,0.01,0.00,0.01,233.72,-127.78,41.31,0.06,-0.04,0.01,161.24,166.66,228.36,0.04,0.05,0.06,0.35,1.68,1.31,100.00,400.00,400.00,0.10,1.98,0.08
serial: dc:a6:32:89:f2:d0,2023-08-14 06:31,Normal,118.85,124.31,124.05,0.08,0.08,0.11,34.48,4.17,42.05,0.01,0.00,0.02,239.32,-127.78,37.62,0.07,-0.04,0.01,162.93,171.06,234.95,0.04,0.05,0.06,0.34,1.55,1.45,100.00,400.00,400.00,0.11,1.99,0.09
serial: dc:a6:32:89:f2:d0,2023-08-14 06:32,Normal,118.71,124.17,123.88,0.08,0.08,0.11,28.68,6.66,32.53,0.01,0.00,0.01,234.90,-124.09,46.18,0.07,-0.03,0.01,158.69,165.84,226.09,0.04,0.05,0.06,0.33,1.74,1.54,100.00,400.00,400.00,0.10,1.99,0.08
serial: dc:a6:32:89:f2:d0,2023-08-14 06:33,Normal,118.63,124.09,123.78,0.08,0.08,0.11,27.63,6.69,33.27,0.01,0.00,0.01,235.78,-125.56,37.03,0.07,-0.03,0.01,161.38,165.07,224.23,0.04,0.04,0.06,0.36,1.54,1.41,100.00,400.00,400.00,0.10,1.98,0.09
serial: dc:a6:32:89:f2:d0,2023-08-14 06:34,Normal,118.63,124.09,123.83,0.08,0.08,0.11,34.26,3.55,35.84,0.01,0.00,0.02,256.59,-128.66,33.94,0.07,-0.04,0.01,165.05,163.09,233.36,0.05,0.05,0.06,0.40,1.86,1.31,100.00,400.00,400.00,0.11,1.98,0.09
serial: dc:a6:32:89:f2:d0,2023-08-14 06:35,Normal,118.63,124.09,123.80,0.08,0.08,0.11,30.69,6.50,37.30,0.01,0.00,0.02,246.26,-126.45,32.31,0.07,-0.04,0.01,161.84,164.87,227.64,0.04,0.05,0.06,0.37,1.60,1.57,100.00,400.00,400.00,0.11,1.98,0.09
serial: dc:a6:32:89:f2:d0,2023-08-14 06:36,Normal,118.75,124.19,123.92,0.08,0.08,0.11,32.83,6.37,40.00,0.01,0.00,0.02,247.73,-128.51,33.94,0.07,-0.04,0.01,164.64,165.77,230.60,0.04,0.05,0.06,0.38,1.49,1.28,100.00,400.00,400.00,0.11,1.98,0.09
serial: dc:a6:32:89:f2:d0,2023-08-14 06:37,Normal,118.83,124.31,124.02,0.08,0.08,0.11,29.13,4.85,32.36,0.01,0.00,0.01,245.22,-125.27,37.92,0.07,-0.03,0.01,159.51,163.41,228.33,0.04,0.04,0.06,0.38,1.66,1.51,100.00,400.00,400.00,0.11,1.98,0.09
serial: dc:a6:32:89:f2:d0,2023-08-14 06:38,Normal,118.75,124.24,123.95,0.08,0.08,0.11,28.63,6.74,37.96,0.01,0.00,0.01,234.60,-126.01,36.59,0.07,-0.04,0.01,160.43,161.51,223.87,0.04,0.04,0.06,0.38,1.76,1.36,100.00,400.00,400.00,0.10,1.98,0.09
serial: dc:a6:32:89:f2:d0,2023-08-14 06:39,Normal,118.66,124.12,123.85,0.08,0.08,0.11,27.28,4.75,34.34,0.01,0.00,0.01,222.95,-123.50,41.02,0.06,-0.03,0.01,160.55,168.10,231.16,0.04,0.04,0.06,0.38,1.85,1.41,100.00,400.00,400.00,0.09,1.98,0.08
serial: dc:a6:32:89:f2:d0,2023-08-14 06:40,Normal,118.63,124.07,123.80,0.08,0.08,0.11,27.23,0.75,29.67,0.01,0.00,0.01,224.57,-124.09,50.61,0.06,-0.03,0.01,158.32,160.64,229.00,0.04,0.05,0.06,0.40,1.66,1.52,100.00,400.00,400.00,0.09,1.99,0.07
serial: dc:a6:32:89:f2:d0,2023-08-14 06:41,Normal,118.61,124.05,123.78,0.08,0.08,0.11,30.36,6.56,42.69,0.01,0.00,0.01,226.49,-132.50,45.00,0.06,-0.04,0.01,164.53,165.01,229.98,0.04,0.05,0.06,0.35,1.53,1.65,100.00,400.00,400.00,0.09,1.98,0.08
serial: dc:a6:32:89:f2:d0,2023-08-14 06:42,Normal,118.58,124.05,123.76,0.08,0.08,0.11,24.65,6.71,36.91,0.01,0.00,0.01,233.27,-131.76,43.53,0.06,-0.04,0.01,162.25,163.35,226.70,0.04,0.05,0.06,0.41,1.55,1.46,100.00,400.00,400.00,0.10,1.98,0.08
serial: dc:a6:32:89:f2:d0,2023-08-14 06:43,Normal,118.78,124.26,123.97,0.08,0.08,0.11,27.30,6.58,33.92,0.01,0.00,0.01,214.98,-128.81,50.46,0.06,-0.04,0.01,159.34,162.67,222.59,0.04,0.05,0.06,0.38,1.63,1.47,100.00,400.00,400.00,0.08,1.98,0.07
serial: dc:a6:32:89:f2:d0,2023-08-14 06:44,Normal,118.85,124.33,124.05,0.08,0.08,0.11,29.23,6.58,37.11,0.01,0.00,0.01,212.03,-129.10,49.43,0.06,-0.04,0.01,158.63,166.35,225.44,0.04,0.05,0.06,0.39,1.61,1.46,100.00,400.00,400.00,0.08,1.98,0.07
serial: dc:a6:32:89:f2:d0,2023-08-14 06:45,Normal,118.97,124.45,124.19,0.08,0.08,0.11,28.16,5.04,37.14,0.01,0.00,0.01,219.70,-130.88,40.72,0.06,-0.04,0.01,157.82,172.56,236.40,0.04,0.05,0.06,0.38,1.83,1.34,100.00,400.00,400.00,0.09,1.98,0.08
serial: dc:a6:32:89:f2:d0,2023-08-14 06:46,Normal,119.04,124.50,124.29,0.08,0.08,0.11,37.43,5.96,40.55,0.01,0.00,0.02,252.60,-120.55,33.64,0.07,-0.03,0.01,166.74,162.96,229.86,0.04,0.04,0.06,0.37,1.72,1.28,100.00,400.00,400.00,0.11,1.99,0.09
serial: dc:a6:32:89:f2:d0,2023-08-14 06:47,Normal,118.97,124.43,124.19,0.08,0.08,0.11,34.39,6.76,46.58,0.02,0.00,0.02,264.70,-126.15,18.15,0.07,-0.04,0.01,165.88,157.48,226.24,0.05,0.05,0.06,0.39,1.72,1.40,100.00,400.00,400.00,0.12,1.98,0.11
serial: dc:a6:32:89:f2:d0,2023-08-14 06:48,Normal,118.99,124.50,124.21,0.08,0.08,0.11,29.30,6.57,36.15,0.01,0.00,0.02,244.93,-125.12,30.39,0.07,-0.03,0.01,156.08,167.41,226.93,0.04,0.05,0.06,0.31,1.72,1.36,100.00,400.00,400.00,0.10,1.98,0.08
serial: dc:a6:32:89:f2:d0,2023-08-14 06:49,Normal,118.99,124.48,124.19,0.08,0.08,0.11,29.60,5.62,29.80,0.01,0.00,0.01,223.54,-120.69,47.07,0.06,-0.03,0.01,156.22,163.39,224.14,0.04,0.04,0.06,0.32,1.55,1.42,100.00,400.00,400.00,0.09,1.99,0.07
serial: dc:a6:32:89:f2:d0,2023-08-14 06:50,Normal,118.92,124.41,124.12,0.08,0.08,0.11,36.32,6.55,41.55,0.01,0.00,0.02,255.41,-122.32,24.05,0.07,-0.03,0.01,165.91,160.57,228.56,0.05,0.04,0.06,0.38,1.69,1.24,100.00,400.00,400.00,0.11,1.98,0.10
serial: dc:a6:32:89:f2:d0,2023-08-14 06:51,Normal,118.99,124.48,124.19,0.09,0.08,0.11,38.89,6.43,46.43,0.02,0.00,0.02,281.96,-120.10,14.75,0.08,-0.03,0.00,175.89,158.06,233.00,0.05,0.04,0.06,0.41,1.60,1.39,100.00,400.00,400.00,0.13,1.98,0.12
serial: dc:a6:32:89:f2:d0,2023-08-14 06:52,Normal,119.14,124.62,124.38,0.08,0.08,0.11,37.99,6.57,44.87,0.01,0.00,0.02,260.57,-126.60,23.90,0.07,-0.04,0.01,167.47,164.65,230.72,0.05,0.04,0.06,0.39,1.67,1.32,100.00,400.00,400.00,0.12,1.98,0.10
serial: dc:a6:32:89:f2:d0,2023-08-14 06:53,Normal,119.31,124.81,124.55,0.08,0.08,0.11,26.60,6.64,33.13,0.01,0.00,0.01,232.39,-126.15,37.18,0.06,-0.04,0.01,155.77,166.52,222.49,0.04,0.04,0.06,0.41,1.62,1.51,100.00,400.00,400.00,0.10,1.98,0.09
serial: dc:a6:32:89:f2:d0,2023-08-14 06:54,Normal,119.38,124.89,124.67,0.08,0.08,0.11,36.92,6.66,44.67,0.01,0.00,0.02,235.19,-126.45,32.17,0.07,-0.04,0.01,162.86,164.63,227.63,0.04,0.05,0.06,0.36,1.56,1.29,100.00,400.00,400.00,0.11,1.98,0.09
serial: dc:a6:32:89:f2:d0,2023-08-14 06:55,Normal,119.57,125.08,124.79,0.08,0.08,0.11,32.60,6.59,42.38,0.01,0.00,0.02,241.83,-125.56,29.80,0.07,-0.03,0.01,160.42,166.22,228.65,0.04,0.05,0.06,0.37,1.55,1.45,100.00,400.00,400.00,0.11,1.98,0.10
serial: dc:a6:32:89:f2:d0,2023-08-14 06:56,Normal,119.52,125.03,124.77,0.08,0.08,0.11,33.93,6.64,44.87,0.01,0.00,0.02,258.21,-127.04,22.72,0.07,-0.04,0.01,166.67,165.89,232.82,0.05,0.05,0.06,0.37,1.38,1.47,100.00,400.00,400.00,0.12,1.98,0.11
serial: dc:a6:32:89:f2:d0,2023-08-14 06:57,Normal,119.50,125.03,124.77,0.08,0.08,0.11,33.44,-4.00,37.70,0.01,0.00,0.02,251.27,-118.78,32.17,0.07,-0.03,0.01,162.90,161.52,233.94,0.04,0.04,0.06,0.41,1.53,1.47,100.00,400.00,400.00,0.11,2.00,0.09
serial: dc:a6:32:89:f2:d0,2023-08-14 06:58,Normal,119.45,124.96,124.69,0.08,0.08,0.11,31.36,6.73,37.78,0.01,0.00,0.02,232.24,-125.86,34.67,0.06,-0.03,0.01,157.23,163.19,220.74,0.04,0.05,0.06,0.38,1.65,1.31,100.00,400.00,400.00,0.10,1.98,0.09
serial: dc:a6:32:89:f2:d0,2023-08-14 06:59,Normal,119.50,125.01,124.77,0.08,0.08,0.11,22.57,2.88,28.24,0.01,0.00,0.01,209.08,-119.66,51.49,0.06,-0.03,0.01,153.88,167.81,224.29,0.04,0.05,0.06,0.37,1.50,1.27,100.00,400.00,400.00,0.08,2.00,0.07
serial: dc:a6:32:89:f2:d0,2023-08-14 07:00,Normal,119.50,125.01,124.74,0.08,0.08,0.11,27.87,5.04,27.13,0.01,0.00,0.01,222.95,-126.15,52.23,0.06,-0.04,0.01,160.44,167.60,228.51,0.04,0.05,0.06,0.36,1.61,1.52,100.00,400.00,400.00,0.08,1.99,0.07
serial: dc:a6:32:89:f2:d0,2023-08-14 07:01,Normal,119.62,125.15,124.91,0.08,0.08,0.11,31.66,6.46,37.48,0.01,0.00,0.01,237.11,-132.94,41.61,0.07,-0.04,0.01,164.35,175.14,233.63,0.04,0.05,0.06,0.38,1.64,1.56,100.00,400.00,400.00,0.10,1.98,0.08
serial: dc:a6:32:89:f2:d0,2023-08-14 07:02,Normal,119.81,125.32,125.10,0.08,0.08,0.11,27.33,4.77,33.79,0.01,0.00,0.01,210.99,-135.60,52.53,0.06,-0.04,0.01,154.26,175.63,232.19,0.04,0.05,0.06,0.43,1.61,1.38,100.00,400.00,400.00,0.09,1.98,0.07
serial: dc:a6:32:89:f2:d0,2023-08-14 07:03,Normal,119.64,125.18,124.94,0.08,0.08,0.11,17.30,4.63,22.88,0.01,0.00,0.01,222.06,-130.14,46.77,0.06,-0.04,0.01,154.19,167.38,222.27,0.04,0.05,0.06,0.44,1.72,1.26,100.00,400.00,400.00,0.09,1.98,0.07
serial: dc:a6:32:89:f2:d0,2023-08-14 07:04,Normal,119.67,125.20,124.96,0.08,0.08,0.11,18.51,6.72,24.76,0.01,0.00,0.01,220.88,-128.81,47.66,0.06,-0.04,0.01,156.37,171.18,224.34,0.04,0.05,0.06,0.39,1.59,1.66,100.00,400.00,400.00,0.09,1.98,0.07
serial: dc:a6:32:89:f2:d0,2023-08-14 07:05,Normal,119.57,125.08,124.89,0.08,0.08,0.11,25.23,6.76,32.20,0.01,0.00,0.01,217.49,-128.96,51.79,0.06,-0.04,0.01,155.39,170.40,227.26,0.04,0.05,0.06,0.43,1.69,1.65,100.00,400.00,400.00,0.09,1.98,0.07
serial: dc:a6:32:89:f2:d0,2023-08-14 07:06,Normal,119.60,125.13,124.89,0.08,0.08,0.11,35.03,6.43,41.80,0.01,0.00,0.02,237.55,-128.96,35.56,0.07,-0.04,0.01,165.12,170.09,232.61,0.04,0.05,0.06,0.38,1.56,1.43,100.00,400.00,400.00,0.10,1.99,0.09
serial: dc:a6:32:89:f2:d0,2023-08-14 07:07,Normal,119.60,125.10,124.89,0.08,0.08,0.11,29.35,5.93,29.65,0.01,0.00,0.01,229.14,-134.27,42.05,0.06,-0.04,0.01,153.63,174.18,229.58,0.04,0.05,0.06,0.35,1.66,1.49,100.00,400.00,400.00,0.10,1.98,0.08
serial: dc:a6:32:89:f2:d0,2023-08-14 07:08,Normal,119.57,125.06,124.86,0.08,0.08,0.11,28.02,2.29,34.37,0.01,0.00,0.01,224.57,-124.53,45.44,0.06,-0.03,0.01,154.94,164.21,227.62,0.04,0.05,0.06,0.39,1.61,1.27,100.00,400.00,400.00,0.10,1.99,0.08
serial: dc:a6:32:89:f2:d0,2023-08-14 07:09,Normal,119.57,125.10,124.86,0.08,0.08,0.11,28.11,6.73,34.27,0.01,0.00,0.01,222.21,-127.19,46.77,0.06,-0.04,0.01,154.88,174.60,227.89,0.04,0.05,0.06,0.39,1.85,1.58,100.00,400.00,400.00,0.09,1.99,0.07
serial: dc:a6:32:89:f2:d0,2023-08-14 07:10,Normal,119.67,125.18,124.96,0.08,0.08,0.11,25.72,-6.19,25.93,0.01,0.00,0.01,218.52,-125.12,47.07,0.06,-0.03,0.01,154.08,162.19,232.38,0.04,0.05,0.06,0.42,1.66,1.39,100.00,400.00,400.00,0.09,1.99,0.07
serial: dc:a6:32:89:f2:d0,2023-08-14 07:11,Normal,119.55,125.08,124.89,0.08,0.08,0.11,31.06,-1.83,37.75,0.01,0.00,0.01,235.49,-122.61,41.76,0.07,-0.03,0.01,162.94,162.35,235.14,0.04,0.05,0.06,0.33,1.58,1.54,100.00,400.00,400.00,0.09,2.00,0.07
serial: dc:a6:32:89:f2:d0,2023-08-14 07:12,Normal,119.52,125.03,124.79,0.08,0.08,0.11,25.69,6.01,34.01,0.01,0.00,0.01,225.60,-124.97,42.05,0.06,-0.03,0.01,155.87,171.13,226.71,0.04,0.05,0.06,0.43,1.69,1.44,100.00,400.00,400.00,0.09,1.99,0.08
serial: dc:a6:32:89:f2:d0,2023-08-14 07:13,Normal,119.52,125.01,124.79,0.08,0.08,0.11,29.53,1.19,32.38,0.01,0.00,0.01,241.68,-120.55,44.85,0.07,-0.03,0.01,161.54,164.02,230.54,0.04,0.04,0.06,0.38,1.77,1.32,100.00,400.00,400.00,0.10,1.98,0.08
serial: dc:a6:32:89:f2:d0,2023-08-14 07:14,Normal,119.43,124.94,124.74,0.08,0.08,0.11,25.97,6.57,29.68,0.01,0.00,0.01,220.44,-127.48,46.33,0.06,-0.04,0.01,157.80,167.03,222.85,0.04,0.05,0.06,0.38,1.57,1.53,100.00,400.00,400.00,0.09,1.99,0.07
serial: dc:a6:32:89:f2:d0,2023-08-14 07:15,Normal,119.38,124.89,124.67,0.08,0.08,0.11,26.85,6.62,34.79,0.01,0.00,0.01,216.90,-128.96,46.18,0.06,-0.04,0.01,155.51,164.27,223.30,0.04,0.05,0.06,0.45,1.51,1.32,100.00,400.00,400.00,0.08,1.98,0.08
serial: dc:a6:32:89:f2:d0,2023-08-14 07:16,Normal,119.33,124.81,124.60,0.08,0.08,0.11,30.43,1.52,29.42,0.01,0.00,0.01,226.04,-126.74,42.35,0.06,-0.04,0.01,162.28,164.30,231.95,0.04,0.05,0.06,0.40,1.67,1.32,100.00,400.00,400.00,0.09,1.98,0.08
serial: dc:a6:32:89:f2:d0,2023-08-14 07:17,Normal,119.14,124.60,124.41,0.08,0.08,0.11,34.29,6.66,44.36,0.01,0.00,0.02,255.41,-124.38,27.44,0.07,-0.03,0.01,166.92,157.14,227.13,0.05,0.04,0.06,0.36,1.83,1.52,100.00,400.00,400.00,0.11,1.98,0.10
serial: dc:a6:32:89:f2:d0,2023-08-14 07:18,Normal,119.09,124.57,124.38,0.08,0.08,0.11,27.22,6.48,33.92,0.01,0.00,0.02,246.85,-130.88,34.97,0.07,-0.04,0.01,159.33,166.20,228.01,0.04,0.05,0.06,0.41,1.77,1.25,100.00,400.00,400.00,0.11,1.98,0.09
serial: dc:a6:32:89:f2:d0,2023-08-14 07:19,Normal,119.09,124.55,124.33,0.08,0.07,0.11,35.38,6.71,43.10,0.01,0.00,0.01,235.78,-126.01,39.54,0.07,-0.04,0.01,163.73,155.68,222.73,0.04,0.04,0.06,0.36,1.65,1.44,100.00,400.00,400.00,0.10,1.98,0.08
serial: dc:a6:32:89:f2:d0,2023-08-14 07:20,Normal,119.02,124.48,124.26,0.08,0.08,0.11,30.89,6.63,37.75,0.01,0.00,0.02,234.75,-124.83,32.17,0.07,-0.03,0.01,160.57,162.56,224.26,0.04,0.04,0.06,0.40,1.64,1.36,100.00,400.00,400.00,0.10,1.98,0.09
serial: dc:a6:32:89:f2:d0,2023-08-14 07:21,Normal,118.97,124.45,124.21,0.08,0.08,0.11,32.68,6.24,43.64,0.01,0.00,0.01,235.93,-128.07,38.81,0.07,-0.04,0.01,164.18,161.18,228.23,0.04,0.05,0.06,0.38,1.54,1.22,100.00,400.00,400.00,0.10,1.98,0.09
serial: dc:a6:32:89:f2:d0,2023-08-14 07:22,Normal,118.95,124.45,124.19,0.08,0.08,0.11,32.08,6.33,41.29,0.01,0.00,0.02,258.80,-128.07,29.51,0.07,-0.04,0.01,164.41,164.93,230.79,0.05,0.05,0.06,0.35,1.61,1.43,100.00,400.00,400.00,0.12,1.98,0.10
serial: dc:a6:32:89:f2:d0,2023-08-14 07:23,Normal,118.85,124.31,124.09,0.08,0.08,0.11,31.95,5.86,35.86,0.01,0.00,0.01,234.01,-132.20,41.46,0.07,-0.04,0.01,157.62,177.32,233.64,0.04,0.05,0.06,0.39,1.76,1.49,100.00,400.00,400.00,0.10,1.98,0.08
serial: dc:a6:32:89:f2:d0,2023-08-14 07:24,Normal,118.83,124.33,124.09,0.08,0.08,0.11,33.16,6.42,36.15,0.01,0.00,0.02,245.67,-133.97,37.03,0.07,-0.04,0.01,159.83,173.66,232.50,0.04,0.05,0.06,0.41,1.54,1.59,100.00,400.00,400.00,0.10,1.98,0.08
serial: dc:a6:32:89:f2:d0,2023-08-14 07:25,Normal,118.80,124.29,124.05,0.08,0.08,0.11,21.76,4.29,22.62,0.01,0.00,0.01,214.24,-115.97,52.23,0.06,-0.03,0.01,154.33,169.18,226.84,0.04,0.04,0.06,0.37,1.61,1.20,100.00,400.00,400.00,0.09,2.00,0.06
serial: dc:a6:32:89:f2:d0,2023-08-14 07:26,Normal,118.85,124.33,124.09,0.08,0.08,0.11,27.88,5.63,26.62,0.01,0.00,0.01,211.73,-129.40,54.74,0.06,-0.04,0.02,155.91,172.36,225.73,0.04,0.05,0.06,0.40,1.57,1.65,100.00,400.00,400.00,0.08,1.98,0.06
serial: dc:a6:32:89:f2:d0,2023-08-14 07:27,Normal,118.90,124.38,124.14,0.08,0.08,0.11,27.25,2.02,32.63,0.01,0.00,0.01,236.96,-121.73,47.36,0.07,-0.03,0.01,155.54,164.65,229.61,0.04,0.05,0.06,0.37,1.59,1.62,100.00,400.00,400.00,0.10,2.00,0.07
serial: dc:a6:32:89:f2:d0,2023-08-14 07:28,Normal,118.92,124.41,124.17,0.08,0.08,0.11,22.76,4.20,27.28,0.01,0.00,0.01,224.86,-131.61,47.36,0.06,-0.04,0.01,158.16,172.25,230.19,0.04,0.05,0.06,0.37,1.67,1.45,100.00,400.00,400.00,0.09,1.98,0.08
serial: dc:a6:32:89:f2:d0,2023-08-14 07:29,Normal,118.92,124.38,124.14,0.08,0.08,0.11,27.00,4.00,24.81,0.01,0.00,0.01,234.31,-131.76,41.90,0.07,-0.04,0.01,154.62,166.27,228.26,0.04,0.05,0.06,0.32,1.53,1.34,100.00,400.00,400.00,0.10,1.99,0.08
serial: dc:a6:32:89:f2:d0,2023-08-14 07:30,Normal,118.85,124.33,124.09,0.08,0.08,0.11,24.75,6.72,29.78,0.01,0.00,0.01,210.85,-129.25,48.40,0.06,-0.04,0.01,151.98,171.94,224.90,0.04,0.05,0.06,0.39,1.54,1.26,100.00,400.00,400.00,0.08,1.98,0.07
serial: dc:a6:32:89:f2:d0,2023-08-14 07:31,Normal,118.97,124.45,124.21,0.08,0.08,0.11,29.34,6.34,38.86,0.01,0.00,0.01,209.52,-131.76,50.31,0.06,-0.04,0.01,157.17,168.32,229.24,0.04,0.05,0.06,0.38,1.54,1.24,100.00,400.00,400.00,0.08,1.98,0.07
serial: dc:a6:32:89:f2:d0,2023-08-14 07:32,Normal,119.09,124.60,124.36,0.08,0.08,0.11,28.50,-2.91,32.16,0.01,0.00,0.01,222.06,-127.92,48.10,0.06,-0.04,0.01,155.84,166.27,231.90,0.04,0.05,0.06,0.40,1.60,1.35,100.00,400.00,400.00,0.09,1.98,0.07
serial: dc:a6:32:89:f2:d0,2023-08-14 07:33,Normal,119.02,124.57,124.31,0.08,0.08,0.11,27.24,6.09,28.77,0.01,0.00,0.02,238.14,-130.88,31.72,0.07,-0.04,0.01,155.66,171.56,229.94,0.04,0.05,0.06,0.39,1.59,1.37,100.00,400.00,400.00,0.10,1.98,0.09
serial: dc:a6:32:89:f2:d0,2023-08-14 07:34,Normal,118.95,124.50,124.24,0.08,0.08,0.11,28.40,6.65,32.89,0.01,0.00,0.01,232.83,-129.10,36.30,0.06,-0.04,0.01,154.78,171.17,226.97,0.04,0.05,0.06,0.37,1.49,1.38,100.00,400.00,400.00,0.11,1.98,0.09
serial: dc:a6:32:89:f2:d0,2023-08-14 07:35,Normal,119.02,124.50,124.29,0.08,0.08,0.11,27.26,6.70,31.31,0.01,0.00,0.01,233.86,-124.83,37.18,0.06,-0.03,0.01,156.34,169.28,225.37,0.04,0.04,0.06,0.37,1.70,1.51,100.00,400.00,400.00,0.10,1.98,0.09
serial: dc:a6:32:89:f2:d0,2023-08-14 07:36,Normal,119.07,124.57,124.33,0.08,0.08,0.11,25.30,0.54,28.60,0.01,0.00,0.01,207.60,-124.38,48.54,0.06,-0.03,0.01,152.00,166.14,226.04,0.04,0.05,0.06,0.37,1.56,1.44,100.00,400.00,400.00,0.09,2.00,0.07
serial: dc:a6:32:89:f2:d0,2023-08-14 07:37,Normal,118.95,124.43,124.19,0.08,0.08,0.11,21.78,-16.69,28.08,0.01,-0.01,0.01,198.01,-84.55,74.07,0.06,-0.02,0.02,152.27,164.48,230.70,0.04,0.04,0.06,0.38,1.49,1.38,100.00,400.00,400.00,0.08,1.94,0.07
serial: dc:a6:32:89:f2:d0,2023-08-14 07:38,Normal,118.90,124.36,124.14,0.08,0.08,0.11,23.95,-2.31,27.86,0.01,-0.00,0.01,234.16,-109.33,45.59,0.07,-0.03,0.01,150.14,172.24,231.48,0.04,0.04,0.06,0.38,1.67,1.39,100.00,400.00,400.00,0.10,1.98,0.08
serial: dc:a6:32:89:f2:d0,2023-08-14 07:39,Normal,118.95,124.41,124.17,0.08,0.08,0.11,25.45,6.17,30.24,0.01,0.00,0.01,222.95,-132.35,46.92,0.06,-0.04,0.01,153.80,172.90,229.52,0.04,0.05,0.06,0.40,1.76,1.55,100.00,400.00,400.00,0.10,1.99,0.08
serial: dc:a6:32:89:f2:d0,2023-08-14 07:40,Normal,118.95,124.43,124.19,0.08,0.08,0.11,20.01,1.93,25.03,0.01,0.00,0.01,203.91,-126.74,52.08,0.06,-0.04,0.01,153.35,172.31,229.73,0.04,0.05,0.06,0.34,1.72,1.43,100.00,400.00,400.00,0.08,1.99,0.06
serial: dc:a6:32:89:f2:d0,2023-08-14 07:41,Normal,118.95,124.43,124.21,0.08,0.08,0.11,28.13,2.35,33.25,0.01,0.00,0.01,218.81,-127.04,41.17,0.06,-0.04,0.01,156.35,169.62,231.59,0.04,0.05,0.06,0.32,1.63,1.47,100.00,400.00,400.00,0.09,1.98,0.08
serial: dc:a6:32:89:f2:d0,2023-08-14 07:42,Normal,119.14,124.62,124.36,0.08,0.08,0.11,22.94,4.44,26.29,0.01,-0.00,0.01,210.99,-119.66,51.94,0.06,-0.03,0.01,151.72,176.22,231.15,0.04,0.05,0.06,0.43,1.62,1.26,100.00,400.00,400.00,0.08,2.00,0.07
serial: dc:a6:32:89:f2:d0,2023-08-14 07:43,Normal,119.23,124.69,124.48,0.08,0.08,0.11,28.99,6.57,30.31,0.01,0.00,0.01,230.17,-131.91,48.99,0.06,-0.04,0.01,158.40,173.27,227.60,0.04,0.05,0.06,0.40,1.72,1.25,100.00,400.00,400.00,0.10,1.98,0.07
serial: dc:a6:32:89:f2:d0,2023-08-14 07:44,Normal,119.31,124.79,124.60,0.08,0.09,0.11,30.50,5.95,35.43,0.01,0.00,0.01,227.52,-130.28,42.49,0.06,-0.04,0.01,156.86,178.67,234.85,0.04,0.05,0.06,0.38,1.75,1.39,100.00,400.00,400.00,0.10,1.99,0.08
serial: dc:a6:32:89:f2:d0,2023-08-14 07:45,Normal,119.38,124.84,124.65,0.08,0.08,0.11,31.11,0.31,38.51,0.01,-0.00,0.01,236.67,-115.53,44.26,0.07,-0.03,0.01,158.98,163.66,232.20,0.04,0.05,0.06,0.36,1.49,1.45,100.00,400.00,400.00,0.11,1.99,0.08
serial: dc:a6:32:89:f2:d0,2023-08-14 07:46,Normal,119.38,124.89,124.65,0.08,0.08,0.11,24.76,1.80,29.11,0.01,0.00,0.01,202.73,-124.53,51.94,0.06,-0.03,0.01,152.65,171.70,228.94,0.04,0.05,0.06,0.41,1.70,1.60,100.00,400.00,400.00,0.08,1.99,0.07
serial: dc:a6:32:89:f2:d0,2023-08-14 07:47,Normal,119.23,124.77,124.55,0.07,0.08,0.11,20.41,-3.85,23.50,0.01,0.00,0.01,208.63,-123.35,51.20,0.06,-0.03,0.01,146.54,172.90,229.20,0.04,0.05,0.06,0.44,1.76,1.63,100.00,400.00,400.00,0.08,2.00,0.06
serial: dc:a6:32:89:f2:d0,2023-08-14 07:48,Normal,119.23,124.74,124.53,0.08,0.08,0.11,28.34,-3.63,35.40,0.01,-0.00,0.01,232.83,-111.99,43.23,0.06,-0.03,0.01,153.06,160.36,229.26,0.04,0.05,0.06,0.39,1.60,1.39,100.00,400.00,400.00,0.10,1.99,0.08
serial: dc:a6:32:89:f2:d0,2023-08-14 07:49,Normal,119.19,124.69,124.45,0.08,0.08,0.11,29.50,6.31,34.60,0.01,0.00,0.01,234.16,-132.06,39.99,0.07,-0.04,0.01,157.23,174.22,232.62,0.04,0.05,0.06,0.38,1.65,1.33,100.00,400.00,400.00,0.10,1.98,0.08
serial: dc:a6:32:89:f2:d0,2023-08-14 07:50,Normal,119.02,124.50,124.29,0.08,0.08,0.11,27.94,2.15,30.76,0.01,0.00,0.01,242.72,-127.63,38.36,0.07,-0.04,0.01,153.27,176.55,232.93,0.04,0.05,0.06,0.39,1.59,1.56,100.00,400.00,400.00,0.11,1.99,0.08
serial: dc:a6:32:89:f2:d0,2023-08-14 07:51,Normal,119.14,124.67,124.43,0.07,0.08,0.11,23.05,1.84,25.60,0.01,0.00,0.01,208.63,-129.99,46.48,0.06,-0.04,0.01,146.46,171.91,229.93,0.04,0.05,0.06,0.40,1.58,1.47,100.00,400.00,400.00,0.09,1.98,0.07
serial: dc:a6:32:89:f2:d0,2023-08-14 07:52,Normal,119.16,124.69,124.43,0.08,0.08,0.11,15.55,-7.38,16.93,0.01,-0.01,0.01,192.11,-93.10,70.82,0.05,-0.03,0.02,151.92,166.68,231.41,0.04,0.05,0.06,0.39,1.55,1.46,100.00,400.00,400.00,0.07,1.95,0.05
serial: dc:a6:32:89:f2:d0,2023-08-14 07:53,Normal,119.09,124.65,124.38,0.08,0.08,0.11,20.62,-0.69,23.49,0.01,-0.00,0.01,199.78,-115.23,65.66,0.06,-0.03,0.02,154.08,176.24,237.55,0.04,0.05,0.07,0.37,1.69,1.37,100.00,400.00,400.00,0.08,1.98,0.05
serial: dc:a6:32:89:f2:d0,2023-08-14 07:54,Normal,119.33,124.86,124.62,0.08,0.08,0.11,22.18,-0.69,29.60,0.01,0.00,0.01,205.09,-131.47,61.23,0.06,-0.04,0.02,156.92,170.64,234.92,0.04,0.05,0.06,0.41,1.63,1.56,100.00,400.00,400.00,0.08,1.99,0.06
serial: dc:a6:32:89:f2:d0,2023-08-14 07:55,Normal,119.40,124.94,124.67,0.08,0.08,0.11,22.92,2.56,27.14,0.01,0.00,0.01,231.80,-135.15,41.02,0.06,-0.04,0.01,156.17,174.26,232.16,0.04,0.05,0.06,0.37,1.57,1.29,100.00,400.00,400.00,0.10,1.98,0.08
serial: dc:a6:32:89:f2:d0,2023-08-14 07:56,Normal,119.45,124.98,124.72,0.08,0.08,0.11,24.60,6.94,33.22,0.01,0.00,0.01,214.98,-132.35,44.85,0.06,-0.04,0.01,152.38,175.31,226.99,0.04,0.05,0.06,0.40,1.56,1.47,100.00,400.00,400.00,0.09,1.98,0.07
serial: dc:a6:32:89:f2:d0,2023-08-14 07:57,Normal,119.35,124.84,124.60,0.08,0.08,0.11,23.63,4.97,28.91,0.01,0.00,0.01,214.53,-129.69,46.63,0.06,-0.04,0.01,154.14,170.57,229.22,0.04,0.05,0.06,0.42,1.80,1.31,100.00,400.00,400.00,0.08,1.99,0.06
serial: dc:a6:32:89:f2:d0,2023-08-14 07:58,Normal,119.40,124.91,124.69,0.08,0.08,0.11,31.46,1.77,32.11,0.01,0.00,0.01,239.77,-121.28,39.40,0.07,-0.03,0.01,159.37,166.34,231.75,0.04,0.05,0.06,0.38,1.58,1.49,100.00,400.00,400.00,0.10,2.00,0.08
serial: dc:a6:32:89:f2:d0,2023-08-14 07:59,Normal,119.60,125.08,124.89,0.08,0.08,0.11,30.72,6.56,37.03,0.01,0.00,0.02,244.78,-130.14,36.15,0.07,-0.04,0.01,160.26,174.31,235.97,0.04,0.05,0.06,0.41,1.72,1.33,100.00,400.00,400.00,0.11,1.98,0.09
serial: dc:a6:32:89:f2:d0,2023-08-14 08:00,Normal,119.62,125.13,124.86,0.08,0.08,0.11,38.63,6.71,46.22,0.01,0.00,0.02,243.75,-122.32,37.92,0.07,-0.03,0.01,163.68,175.33,239.81,0.04,0.05,0.06,0.37,1.77,1.58,100.00,400.00,400.00,0.11,1.99,0.08
serial: dc:a6:32:89:f2:d0,2023-08-14 08:01,Normal,119.88,125.39,125.15,0.08,0.08,0.11,26.55,6.78,34.74,0.01,0.00,0.01,227.37,-128.37,37.33,0.06,-0.04,0.01,154.76,168.17,227.84,0.04,0.05,0.06,0.34,1.76,1.46,100.00,400.00,400.00,0.09,1.98,0.08
serial: dc:a6:32:89:f2:d0,2023-08-14 08:02,Normal,120.05,125.61,125.34,0.08,0.08,0.11,31.19,6.86,42.52,0.01,0.00,0.02,232.54,-125.12,37.18,0.06,-0.03,0.01,162.89,166.51,229.71,0.04,0.05,0.06,0.41,1.48,1.42,100.00,400.00,400.00,0.10,1.98,0.09
serial: dc:a6:32:89:f2:d0,2023-08-14 08:03,Normal,120.08,125.61,125.37,0.08,0.08,0.11,24.34,4.89,32.07,0.01,0.00,0.01,213.06,-130.43,47.66,0.06,-0.04,0.01,153.53,175.61,231.74,0.04,0.05,0.06,0.40,1.70,1.40,100.00,400.00,400.00,0.09,1.98,0.07
serial: dc:a6:32:89:f2:d0,2023-08-14 08:04,Normal,118.63,124.09,123.85,0.08,0.08,0.11,28.59,5.35,32.81,0.01,0.00,0.01,234.16,-127.92,41.31,0.07,-0.04,0.01,159.05,170.56,230.86,0.04,0.05,0.06,0.36,1.47,1.37,100.00,400.00,400.00,0.10,1.98,0.08
serial: dc:a6:32:89:f2:d0,2023-08-14 08:05,Normal,118.73,124.17,123.92,0.08,0.08,0.11,24.46,6.31,29.90,0.01,0.00,0.01,227.22,-133.53,47.66,0.06,-0.04,0.01,157.53,173.32,230.92,0.04,0.05,0.06,0.42,1.67,1.66,100.00,400.00,400.00,0.09,1.98,0.07
serial: dc:a6:32:89:f2:d0,2023-08-14 08:06,Normal,118.68,124.14,123.92,0.08,0.08,0.11,21.06,5.98,24.04,0.01,0.00,0.01,214.24,-130.88,60.49,0.06,-0.04,0.02,158.27,166.54,226.00,0.04,0.05,0.06,0.41,1.65,1.60,100.00,400.00,400.00,0.08,1.98,0.06
serial: dc:a6:32:89:f2:d0,2023-08-14 08:07,Normal,118.66,124.09,123.88,0.08,0.08,0.11,26.76,6.75,33.06,0.01,0.00,0.01,201.11,-130.58,59.90,0.06,-0.04,0.02,158.06,162.83,220.68,0.04,0.05,0.06,0.46,1.65,1.50,100.00,400.00,400.00,0.07,1.98,0.06
serial: dc:a6:32:89:f2:d0,2023-08-14 08:08,Normal,118.63,124.09,123.88,0.08,0.08,0.11,29.14,6.67,26.91,0.01,0.00,0.01,215.27,-129.84,54.45,0.06,-0.04,0.02,159.30,169.58,225.62,0.04,0.05,0.06,0.37,1.53,1.43,100.00,400.00,400.00,0.08,1.98,0.06
serial: dc:a6:32:89:f2:d0,2023-08-14 08:09,Normal,118.66,124.12,123.90,0.08,0.08,0.11,38.01,6.62,40.59,0.01,0.00,0.02,244.78,-128.51,33.20,0.07,-0.04,0.01,164.08,169.16,227.09,0.04,0.05,0.06,0.40,1.84,1.62,100.00,400.00,400.00,0.10,1.98,0.08
serial: dc:a6:32:89:f2:d0,2023-08-14 08:10,Normal,118.78,124.24,124.00,0.08,0.08,0.11,34.90,6.50,41.66,0.01,0.00,0.02,261.46,-123.79,24.20,0.07,-0.03,0.01,162.40,169.38,233.05,0.05,0.04,0.06,0.37,1.66,1.31,100.00,400.00,400.00,0.12,1.98,0.10
serial: dc:a6:32:89:f2:d0,2023-08-14 08:11,Normal,118.99,124.43,124.21,0.08,0.08,0.11,27.71,6.71,33.14,0.01,0.00,0.02,242.13,-125.42,30.25,0.07,-0.03,0.01,154.15,168.15,223.93,0.04,0.05,0.06,0.42,1.78,1.46,100.00,400.00,400.00,0.11,1.98,0.10
serial: dc:a6:32:89:f2:d0,2023-08-14 08:12,Normal,118.61,124.02,123.80,0.08,0.08,0.11,27.47,6.46,32.44,0.01,0.00,0.02,239.47,-122.76,34.08,0.07,-0.03,0.01,154.97,164.87,222.27,0.04,0.04,0.06,0.44,1.83,1.35,100.00,400.00,400.00,0.10,1.98,0.09
serial: dc:a6:32:89:f2:d0,2023-08-14 08:13,Normal,118.61,124.02,123.80,0.08,0.08,0.11,28.38,6.60,36.98,0.01,0.00,0.02,231.65,-123.50,32.17,0.06,-0.03,0.01,157.09,163.76,226.86,0.04,0.04,0.06,0.43,1.87,1.66,100.00,400.00,400.00,0.10,1.98,0.09
serial: dc:a6:32:89:f2:d0,2023-08-14 08:14,Normal,118.66,124.05,123.83,0.08,0.08,0.11,36.96,6.67,45.60,0.01,0.00,0.02,255.26,-121.28,24.05,0.07,-0.03,0.01,167.83,160.03,227.89,0.05,0.04,0.06,0.40,1.78,1.51,100.00,400.00,400.00,0.11,1.98,0.10
serial: dc:a6:32:89:f2:d0,2023-08-14 08:15,Normal,118.58,124.00,123.80,0.08,0.08,0.11,29.31,-4.78,36.78,0.01,0.00,0.02,240.50,-124.53,34.82,0.07,-0.03,0.01,159.93,165.12,235.66,0.04,0.05,0.06,0.39,1.72,1.73,100.00,400.00,400.00,0.10,1.99,0.09
serial: dc:a6:32:89:f2:d0,2023-08-14 08:16,Normal,118.54,123.97,123.78,0.08,0.08,0.11,28.82,1.12,29.58,0.01,-0.00,0.01,227.81,-116.86,44.71,0.06,-0.03,0.01,158.51,168.42,227.87,0.04,0.04,0.06,0.43,1.85,1.55,100.00,400.00,400.00,0.09,1.99,0.08
serial: dc:a6:32:89:f2:d0,2023-08-14 08:17,Normal,118.42,123.85,123.64,0.08,0.08,0.11,21.15,5.67,24.99,0.01,0.00,0.01,203.47,-130.58,52.53,0.06,-0.04,0.01,151.66,172.58,226.26,0.04,0.05,0.06,0.43,1.94,1.61,100.00,400.00,400.00,0.07,1.98,0.06
serial: dc:a6:32:89:f2:d0,2023-08-14 08:18,Normal,118.46,123.90,123.71,0.08,0.08,0.11,9.10,4.53,8.91,0.00,0.00,0.00,162.89,-136.33,83.81,0.05,-0.04,0.02,151.45,173.73,230.10,0.04,0.05,0.06,0.40,1.87,1.66,100.00,400.00,400.00,0.03,1.98,0.03
serial: dc:a6:32:89:f2:d0,2023-08-14 08:19,Normal,118.56,124.00,123.78,0.08,0.08,0.11,23.61,1.41,28.94,0.01,0.00,0.01,225.60,-124.38,41.17,0.06,-0.03,0.01,150.52,173.56,233.09,0.04,0.05,0.06,0.43,1.80,1.60,100.00,400.00,400.00,0.10,1.99,0.08
